Streamer Name,streamInfo,category
Haru-chan LIVE!!!,Reacting to Content!!!,Just Chilling
Haru-chan LIVE!!!,Join me for a live reaction session! Let's dive into some awesome content together!,Just Talking
Haru-chan LIVE!!!,It's reaction time! Come hang out and react with me to the latest videos and memes!,Just Chilling
Haru-chan LIVE!!!,"Live reactions with Haru-chan! Laugh, cringe, and be amazed together!",Just Talking
Haru-chan LIVE!!!,Reacting to your suggestions! Send in your favorite videos and let's watch them together!,News
Haru-chan LIVE!!!,Get ready to react! Join me for a fun-filled stream of laughter and entertainment!,Just Chilling
Haru-chan LIVE!!!,Join the reaction party! We're watching and discussing the hottest content on the internet!,Just Talking
Haru-chan LIVE!!!,Curating the best reactions! Let's explore and react to trending videos and memes!,Just Chilling
Haru-chan LIVE!!!,Live reactions and chill vibes! Grab your snacks and come hang out with me!,Just Talking
Yeehawww801,Reacting to viewer submissions! Send in your clips and let's react in real-time!,News
Cement_Eater123,"Reacting to the unexpected! Get ready for surprises, laughs, and genuine reactions!",Just Chilling
xxxHowdyPartn3r,Reacting live to the internet's funniest and weirdest videos! Let's see what we discover together!,Just Talking
CybertronicYee,"Join me for a reaction marathon! We'll react to a variety of content, from hilarious fails to heartwarming moments!",Just Chilling
Peepeeyeeyee,Reacting to viral sensations! Come join the hype train and react with me!,Just Talking
Yeehawww801,"It's reaction o'clock! Let's react to the latest memes, challenges, and trends!",News
Cement_Eater123,"Reacting to the past and present! From nostalgic throwbacks to current viral hits, let's react together!",Just Chilling
xxxHowdyPartn3r,"Unleashing genuine reactions! No script, just pure, unfiltered responses to whatever comes our way!",Just Talking
CybertronicYee,Live reaction roulette! Who knows what we'll watch next? Tune in to find out!,Just Chilling
Peepeeyeeyee,Reacting to the weird and wonderful! Expect the unexpected as we dive into the internet's stranger side!,Just Talking
CrimeCleaner69,Interactive reaction session! Chat with me as we watch and react to viewer-submitted content!,News
HighNgoon,"From cringe to awe, let's react to it all! Join me for a rollercoaster of emotions!",Variety
AimAndReady,"Reacting to the best of the internet! Sit back, relax, and let's enjoy some quality content together!",Variety
YippeeKaiYay,"Join me for a reaction extravaganza! We'll laugh, we'll cry, and we'll have a blast!",Variety
CrimeCleaner69,"Reacting to memes, vines, and everything in between! Get ready for some serious entertainment!",Variety
HighNgoon,Reacting to trending topics! Let's stay up-to-date and share our thoughts on the latest viral hits!,Variety
AimAndReady,Live reactions and genuine laughs! Come hang out for some good times and great content!,Just Chatting
YippeeKaiYay,Reacting to the most heartwarming and hilarious videos! Prepare for a whirlwind of emotions!,Just Chatting
Haru-chan LIVE!!!,"From cringe-worthy to jaw-dropping, let's react to the spectrum of internet content!",Just Chatting
Haru-chan LIVE!!!,Reacting to viewer challenges! Send in your dares and let's see how I react!,Just Chatting
Haru-chan LIVE!!!,Exploring the internet's treasure trove! Join me as we react to hidden gems and viral sensations!,Just Chatting
Haru-chan LIVE!!!,Reacting to nostalgia! Let's revisit classic videos and relive fond memories together!,Just Chatting
Haru-chan LIVE!!!,Join me for a reaction rendezvous! We'll explore the internet's vast landscape of content!,Fish N Chat
Haru-chan LIVE!!!,Reacting to the ultimate fails and wins! Get ready for some epic reactions!,Just Talking
Haru-chan LIVE!!!,Reacting to your favorite YouTubers! Send in your recommendations and let's react together!,Just Chilling
Haru-chan LIVE!!!,Live reaction party! Grab your friends and join the fun as we react to the latest internet crazes!,Just Talking
Haru-chan LIVE!!!,Reacting to cultural phenomena! Let's dive into viral trends from around the world!,News
Yeehawww801,Reacting to the best fan-made content! Join me as we celebrate the creativity of our community!,Variety
Cement_Eater123,Live reactions and interactive games! Join the fun and let's see who can guess the next video!,Variety
xxxHowdyPartn3r,Reacting to the classics! Join me for a trip down memory lane as we revisit iconic videos!,Variety
CybertronicYee,Live reaction showdown! Join me and let's see whose reactions are the most genuine!,Variety
Peepeeyeeyee,Reacting to the unexpected! Who knows what we'll find? Tune in and react with me!,Variety
Yeehawww801,Reacting live to the internet's craziest challenges! Let's see if we're up for the task!,Just Chatting
Cement_Eater123,Join me for a reaction fiesta! We'll explore diverse content and react in real-time!,Just Chatting
xxxHowdyPartn3r,Reacting to user-generated content! Send in your creations and let's showcase them together!,Just Chatting
CybertronicYee,"It's reaction hour! Get comfy and join me as we laugh, cringe, and maybe even shed a tear or two!",Just Chatting
Peepeeyeeyee,Reacting to the best of TikTok! Let's dive into the viral vortex and share our favorite clips!,Just Chatting
CrimeCleaner69,Live reactions and instant feedback! Let's engage with the content and each other in real-time!,Just Chilling
HighNgoon,Reacting to viewer challenges! Send in your requests and let's see if I'm up to the challenge!,Just Talking
AimAndReady,"Join me for a reaction spree! We'll watch, discuss, and react to a variety of content!",Just Chilling
YippeeKaiYay,Reacting to the latest memes and trends! Don't miss out on the internet's hottest topics!,Just Talking
CrimeCleaner69,Live reactions and interactive polls! Your votes decide what we watch next!,News
HighNgoon,"Reacting to cinematic masterpieces! From trailers to short films, let's explore the world of visual storytelling!",Just Chilling
AimAndReady,"Join me for a reaction bonanza! We'll laugh, gasp, and maybe even learn something new!",Just Talking
YippeeKaiYay,Reacting to underrated gems! Let's shine a spotlight on hidden treasures of the internet!,Just Chilling
Haru-chan LIVE!!!,Live reactions and epic showdowns! Join me as we react to intense gaming moments and epic battles!,Just Talking
Haru-chan LIVE!!!,Reacting to the best of anime and manga! Let's dive into the world of Japanese pop culture together!,News
Haru-chan LIVE!!!,Join me for a reaction quest! We'll embark on an adventure through the vast landscape of online content!,Just Chilling
Haru-chan LIVE!!!,Reacting to viral dance challenges! Let's bust a move and join the global dance party!,Just Talking
Haru-chan LIVE!!!,Live reactions and storytelling sessions! Join me as we explore the narratives behind viral videos and memes!,Just Chilling
Haru-chan LIVE!!!,Reacting to DIY and life hacks! Let's see if these internet tricks are as easy as they seem!,Just Talking
Haru-chan LIVE!!!,Join me for a reaction rendezvous! We'll explore the internet's hidden corners and share our discoveries!,News
Haru-chan LIVE!!!,Reacting to the best of YouTube! Let's watch and discuss the videos that make the platform shine!,Variety
Haru-chan LIVE!!!,Live reactions and viewer shoutouts! Join me as we celebrate our amazing community together!,Variety
Yeehawww801,"Reacting to the latest tech trends! Let's explore gadgets, apps, and innovations together!",Variety
Cement_Eater123,Join me for a reaction showcase! We'll highlight the best content from across the web!,Variety
xxxHowdyPartn3r,Reacting to conspiracy theories and urban legends! Let's separate fact from fiction together!,Variety
CybertronicYee,"Live reactions and Q&A sessions! Join me as we chat about life, the universe, and everything in between!",Just Chatting
Peepeeyeeyee,Reacting to nature's wonders! Let's marvel at the beauty and diversity of the natural world together!,Just Chatting
Yeehawww801,Join me for a reaction marathon! We'll watch until we drop and react until we can't stop!,Just Chatting
Cement_Eater123,Reacting to the weirdest products and inventions! Let's see if these gadgets are genius or just plain bizarre!,Just Chatting
xxxHowdyPartn3r,Live reactions and wholesome moments! Join me as we spread positivity and joy through the power of reaction!,Just Chatting